sent_id,sys_name,fluency,fluency_zscore,meaning,meaning_zscore,simplicity,simplicity_zscore
1,Hybrid,55.333333333333336,-0.6330255137203735,34.666666666666664,-0.782245773422438,34.06666666666667,-0.49787055594381224
3,ACCESS,86.26666666666667,0.5435473482869025,85.86666666666666,0.6733653218375076,78.53333333333333,0.8764965521478527
5,DMASS-DCSS,24.8,-1.5592481719116686,45.46666666666667,-0.5682448965237575,31.533333333333335,-0.5930540961987852
6,ACCESS,81.93333333333334,0.2511825502327032,96.46666666666667,1.0768294669567413,44.86666666666667,-0.06225539920968193
6,Hybrid,81.86666666666666,0.22035193291512511,44.06666666666667,-0.48977750727197983,54.266666666666666,-0.0816696756148361
7,Dress-Ls,93.6,0.6914661347423469,50.733333333333334,-0.23280181000322378,46.06666666666667,-0.12178521262013
8,Hybrid,44.06666666666667,-1.1618222828214446,8.533333333333333,-1.768514403927553,18.733333333333334,-1.2645613524255854
8,SBMT-SARI,53.333333333333336,-0.4966148975229778,47.06666666666667,-0.4227250445449947,35.0,-0.5163222324342822
9,PBMT-R,88.0,0.5844093091227137,85.06666666666666,0.6545625523245445,58.8,0.18461479476824655
10,ACCESS,74.46666666666667,0.14502674045660063,66.93333333333334,0.2116555580778866,57.0,0.29919719149924345
10,DMASS-DCSS,81.8,0.27735936577627346,52.4,-0.30579279226177936,49.53333333333333,-0.06421147340726162
10,Dress-Ls,52.666666666666664,-0.5946647583670992,54.733333333333334,-0.15369386781340932,54.333333333333336,0.0694205367260562
10,SBMT-SARI,71.2,0.018614163349714098,77.86666666666666,0.3106115433422267,55.0,-0.28288126405275427
11,ACCESS,93.0,0.6544749101200841,90.66666666666667,0.9114793194194368,78.0,0.7852313886677055
11,Dress-Ls,95.46666666666667,0.8425913166401039,69.6,0.34167017909330455,61.46666666666667,0.4058500841150932
11,Hybrid,85.13333333333334,0.30216206131682666,70.26666666666667,0.2620301910994773,55.93333333333333,0.11662677580042609
11,PBMT-R,95.2,0.6947622365141544,89.66666666666667,0.8938160297794281,72.8,0.7014983101578275
14,Hybrid,29.6,-1.3687477582486713,27.666666666666668,-1.185951540390659,17.2,-1.1808980366366562
14,SBMT-SARI,64.93333333333334,-0.25326517447457003,69.13333333333334,0.17731801119676813,41.86666666666667,-0.12374723873809038
15,Hybrid,48.53333333333333,-0.8540129296225888,40.86666666666667,-0.6902270716730372,58.4,0.21952964741164954
16,ACCESS,91.66666666666667,0.6401744079539213,90.13333333333334,0.8875933611994072,72.06666666666666,0.6475527659337795
17,PBMT-R,27.266666666666666,-1.8221550183605664,25.333333333333332,-1.1637227724971135,19.4,-0.9158794641896651
18,SBMT-SARI,95.2,0.7366706849262847,97.8,1.123245335128477,74.0,0.73051176421852
19,Hybrid,55.333333333333336,-0.8158967323457664,30.333333333333332,-0.9574025276856108,46.2,-0.13288493120809938
20,DMASS-DCSS,66.6,-0.21790669031077492,65.8,0.08058391193688837,29.466666666666665,-0.5446253494910712
21,Hybrid,55.06666666666667,-0.6613746427013429,20.933333333333334,-1.2508614658377761,24.933333333333334,-0.9302197630838207
21,PBMT-R,93.06666666666666,0.7906330308292154,93.33333333333333,0.8575586282550305,55.13333333333333,0.11593554813349598
24,DMASS-DCSS,97.93333333333334,0.9769026164979653,52.4,-0.1758881408096117,82.86666666666666,1.0110489821729658
24,Dress-Ls,41.6,-0.9721800509959184,16.133333333333333,-1.729192502812529,24.466666666666665,-0.8829499329866592
25,Dress-Ls,67.2,-0.21722529847175212,50.266666666666666,-0.2610867974115178,69.33333333333333,0.5426812667727001
25,PBMT-R,57.266666666666666,-0.48857122615539084,76.8,0.35165531208881234,46.46666666666667,-0.16351821922610776
26,Dress-Ls,93.33333333333333,0.5974351362488101,97.2,1.0846379604518637,29.666666666666668,-0.5611322087166936
26,SBMT-SARI,83.06666666666666,0.42554847608800367,95.73333333333333,0.985155282223074,84.2,0.7955473528879632
28,PBMT-R,65.93333333333334,-0.048697476688821975,68.8,0.19322122965192723,44.4,-0.2829626986966971
29,Dress-Ls,64.53333333333333,-0.3044851834217965,26.733333333333334,-0.9664676454986335,27.466666666666665,-0.6812473763582859
30,Dress-Ls,79.66666666666667,0.3218597254115924,93.2,0.9981525725220438,71.4,0.5679173989881822
30,Hybrid,62.4,-0.4901549761044574,46.4,-0.47065385504432905,31.6,-0.590920767020046
31,SBMT-SARI,80.8,0.36395244591900444,76.33333333333333,0.46255754291835066,53.06666666666667,0.10334232573082992
32,Dress-Ls,84.6,0.4807913756484246,65.33333333333333,0.10916280428056041,54.53333333333333,0.0728850480853543
32,Hybrid,86.53333333333333,0.5092193471231881,89.6,0.848530740860919,60.333333333333336,0.28382494620648596
32,PBMT-R,78.06666666666666,0.23770537397277408,68.53333333333333,0.20469785844763813,50.733333333333334,0.043593982010508535
33,Hybrid,50.333333333333336,-0.7136894448374618,37.13333333333333,-0.8119510655984123,29.8,-0.7142530448781216
33,PBMT-R,76.66666666666667,0.07229177156913368,92.6,0.9244976980418621,81.4,0.7928152489974768
34,Hybrid,73.0,-0.08872280023480077,19.4,-1.2769268042432491,20.466666666666665,-0.8675287345862445
34,SBMT-SARI,98.8,0.940837507773701,78.13333333333334,0.5418084318597525,73.4,0.6748159902290267
35,Dress-Ls,59.4,-0.5309157405833552,30.333333333333332,-0.9442598610262894,34.266666666666666,-0.6120820068836214
36,DMASS-DCSS,49.06666666666667,-0.7837425037595774,48.4,-0.37491490829856233,26.533333333333335,-0.67688172987707
36,Dress-Ls,77.46666666666667,0.22156830220923243,72.93333333333334,0.4513500012517385,73.33333333333333,0.6406819877845661
37,PBMT-R,53.93333333333333,-0.7774906963262638,52.06666666666667,-0.2829005039100629,44.8,-0.15962483598989363
37,SBMT-SARI,69.26666666666667,-0.1313713942430357,67.93333333333334,0.2504205325841462,48.6,-0.016956203950350284
38,ACCESS,86.8,0.49745063092204705,96.06666666666666,1.0539782800426518,82.46666666666667,0.9108347438712746
38,Dress-Ls,89.26666666666667,0.6589648845277746,85.93333333333334,0.6852496565103778,91.6,1.0063382783726003
38,Hybrid,87.73333333333333,0.5761479041402018,94.73333333333333,0.9693209892467898,60.733333333333334,0.20748085059930566
40,PBMT-R,65.0,-0.082204333162762,78.66666666666667,0.48213430125305845,55.0,0.10709301006117952
40,SBMT-SARI,82.2,0.3468630604105915,74.0,0.3841196845043415,63.13333333333333,0.5468498310380225
42,ACCESS,42.2,-0.9693000409020066,31.733333333333334,-0.8325179667518142,17.8,-0.9008176530643685
43,DMASS-DCSS,68.6,-0.16434842938272273,66.0,0.10248957150350804,40.06666666666667,-0.38336074321602476
48,DMASS-DCSS,61.8,-0.3784624661450216,60.733333333333334,0.0064037678693559625,30.4,-0.4857647063332026
48,SBMT-SARI,55.86666666666667,-0.35247718207940637,56.13333333333333,-0.18317920593860795,34.266666666666666,-0.501643787291622
50,Dress-Ls,65.93333333333334,-0.2912834466452271,75.6,0.40828756229441704,30.733333333333334,-0.6036537270733839
50,Hybrid,40.2,-1.1785509873381594,55.06666666666667,-0.2043456661454295,30.066666666666666,-0.7089883005328057
50,PBMT-R,75.26666666666667,0.060176562185572366,95.0,0.977704898381099,63.4,0.29292437890032036
52,Dress-Ls,85.73333333333333,0.33800382225700226,53.46666666666667,-0.18345385300608913,69.06666666666666,0.584920721527628
53,DMASS-DCSS,23.2,-1.8341630229202308,7.4,-1.6811474683493566,8.533333333333333,-1.3144902262125904
53,Dress-Ls,93.86666666666666,0.6873142622140579,76.06666666666666,0.4419102397755116,67.86666666666666,0.3904947837381279
54,PBMT-R,94.0,0.6310441734366878,80.46666666666667,0.6270385089038245,38.733333333333334,-0.22837396122485354
54,SBMT-SARI,94.8,0.6952551997844114,55.53333333333333,-0.189597875283035,50.13333333333333,-0.1537546105245243
55,ACCESS,87.33333333333333,0.4570435993167602,89.26666666666667,0.8678235429018831,88.86666666666666,1.4068207489158564
55,Dress-Ls,81.86666666666666,0.19988639114998688,56.46666666666667,-0.08384742833311204,52.86666666666667,0.24926512715763857
56,ACCESS,87.73333333333333,0.5503852891376166,75.2,0.46031360568376134,60.333333333333336,0.4145672097953073
56,Hybrid,85.4,0.36167744147027386,92.46666666666667,1.0050775792189715,27.866666666666667,-0.593789307666826
56,PBMT-R,88.4,0.5554948939493243,83.6,0.6898650619771025,38.06666666666667,-0.2620972464114217
57,Dress-Ls,96.8,0.7844049266087263,68.46666666666667,0.11775861699271933,64.6,0.35873910468322684
57,SBMT-SARI,89.4,0.4979229258402549,66.13333333333334,0.018905052163876737,42.6,-0.23462006838292696
59,ACCESS,60.266666666666666,-0.5264881879229643,64.46666666666667,0.15198907681932267,32.13333333333333,-0.5029771645356775
59,DMASS-DCSS,64.73333333333333,-0.20457282770811772,14.266666666666667,-1.5670620271287552,15.533333333333333,-1.0875944324930664
59,Dress-Ls,94.8,0.7442061161926877,64.93333333333334,0.1020484344798924,79.66666666666667,0.8262934777758304
61,Hybrid,88.73333333333333,0.5376684047396966,88.66666666666667,0.700803261030558,39.13333333333333,-0.5150681268734749
62,Dress-Ls,93.93333333333334,0.6685320841637371,79.8,0.5787843295205161,68.46666666666667,0.43653149297095506
62,Hybrid,41.2,-1.0300056921528462,21.8,-1.3680797390015653,15.466666666666667,-1.2218236559275182
62,PBMT-R,71.2,-0.12893815595688946,89.2,0.9040483144278672,54.0,0.18554051852976325
62,SBMT-SARI,67.73333333333333,-0.21842993307050892,89.33333333333333,0.9186650478119172,45.733333333333334,-0.1248381248259516
63,Dress-Ls,98.0,0.8125648970880665,62.86666666666667,0.08894763868215834,75.66666666666667,0.6716646418290492
65,DMASS-DCSS,13.8,-2.436679666389721,7.933333333333334,-1.849345883732032,5.533333333333333,-1.7321695840150932
65,Hybrid,64.2,-0.28027669309170566,42.4,-0.4852419397010215,20.266666666666666,-0.8658727185673311
67,SBMT-SARI,87.86666666666666,0.5125947010837312,96.46666666666667,1.1428027549213555,90.93333333333334,1.2571772763374047
69,ACCESS,65.2,-0.07752375038686954,71.86666666666666,0.34557204125485647,42.93333333333333,-0.2613135008269436
69,Dress-Ls,97.26666666666667,0.8301789516721646,65.2,0.15153366886226707,67.4,0.3110049488412568
70,PBMT-R,99.73333333333333,0.9923772764261298,90.8,0.8688711748814836,75.33333333333333,0.7548084229137738
70,SBMT-SARI,98.13333333333334,0.7999700431469474,67.66666666666667,0.1340809836218581,67.33333333333333,0.5082591368736199
71,Dress-Ls,86.13333333333334,0.37966322097994193,85.6,0.7891358677730022,68.33333333333333,0.6203141657777524
71,Hybrid,57.53333333333333,-0.6636127532923066,33.06666666666667,-0.870006659337823,21.2,-0.706774584682193
72,ACCESS,84.53333333333333,0.4534524100718832,43.266666666666666,-0.5353814037030405,53.666666666666664,0.07700252106619132
72,Hybrid,87.73333333333333,0.41990867536226173,4.466666666666667,-2.016915108650665,17.333333333333332,-1.2152777693610664
72,SBMT-SARI,67.26666666666667,-0.12366696448983493,48.6,-0.307344990447686,43.86666666666667,-0.17769017415257587
73,Dress-Ls,81.53333333333333,0.35799507778904666,71.73333333333333,0.3224921214560458,69.2,0.4360323977519149
75,Hybrid,30.866666666666667,-1.303388202269896,47.0,-0.47827323750655043,27.8,-0.648859865555863
75,PBMT-R,59.266666666666666,-0.47229876291398204,57.666666666666664,-0.01844849761018678,27.666666666666668,-0.585282637229981
76,PBMT-R,77.13333333333334,-0.05564502389169924,36.86666666666667,-0.6741223273389731,45.4,-0.15056434327520266
77,ACCESS,64.06666666666666,-0.2183766422001791,77.13333333333334,0.4275109505724012,62.13333333333333,0.3279730571543589
77,Dress-Ls,73.13333333333334,0.05879850542581702,73.2,0.31232782226224226,45.6,-0.13564007170771927
78,Hybrid,93.73333333333333,0.7044181456556695,83.13333333333334,0.6713775677362901,45.6,-0.08024584755780406
79,DMASS-DCSS,71.8,0.015039449026553905,45.733333333333334,-0.43984311994595066,67.6,0.3628609024129422
79,Dress-Ls,56.266666666666666,-0.6435948960507858,47.2,-0.5086937659760526,30.533333333333335,-0.5523985706360439
79,Hybrid,17.6,-2.2223845240109736,22.0,-1.206594291432516,14.8,-1.0213870750485798
80,ACCESS,69.26666666666667,-0.0453295621476077,66.73333333333333,0.17356798123554457,41.333333333333336,-0.22612656259021774
80,Hybrid,86.46666666666667,0.4239070646698521,82.53333333333333,0.6338484489122976,34.8,-0.42288528358735417
80,SBMT-SARI,45.46666666666667,-0.748749059116421,28.4,-1.4836818559467306,31.466666666666665,-0.8722389660004443
81,PBMT-R,64.2,-0.13180091675033917,48.2,-0.4636133096634219,65.6,0.40131936489795955
81,SBMT-SARI,89.06666666666666,0.4435908384733953,93.0,1.0108395862771256,81.06666666666666,0.9488328193778538
82,ACCESS,57.93333333333333,-0.4726761794761644,37.666666666666664,-0.6599483433394682,31.933333333333334,-0.504444093824732
83,Dress-Ls,32.86666666666667,-1.4697607104577268,35.0,-0.7061102605817806,15.333333333333334,-0.9663917451365841
84,Dress-Ls,98.93333333333334,0.9016916637952573,84.46666666666667,0.6865603611121108,75.06666666666666,0.6765266400559492
84,SBMT-SARI,64.93333333333334,-0.3176453498383019,46.266666666666666,-0.35703500066586724,25.933333333333334,-0.6569938906113878
85,ACCESS,85.73333333333333,0.400832515797756,38.266666666666666,-0.7086722238585954,50.93333333333333,-0.16607137231572852
85,DMASS-DCSS,74.4,-0.08561927375901177,29.333333333333332,-0.967462489197084,21.8,-0.9148603255453638
85,Dress-Ls,68.33333333333333,-0.05922898767515447,43.13333333333333,-0.5535582126029046,41.93333333333333,-0.20988267094855567
85,Hybrid,92.26666666666667,0.7276716550783972,55.4,-0.11335171086564388,82.46666666666667,0.99032507665636
85,PBMT-R,93.2,0.573706354966242,98.0,1.0913013946653345,66.13333333333334,0.41698525846908563
86,Dress-Ls,78.4,0.1678240301760506,64.33333333333333,0.12211765455413497,78.4,0.8102138539978865
86,PBMT-R,58.266666666666666,-0.4521577292615238,57.6,-0.12683219218055788,31.8,-0.5760822399334001
87,Hybrid,93.33333333333333,0.7788919797798717,95.4,0.9808480175053375,53.46666666666667,0.12219348128248009
87,PBMT-R,98.8,0.8304040476388166,95.0,1.0274065935559606,72.53333333333333,0.6058869406391967
89,DMASS-DCSS,95.53333333333333,0.7639348561960813,86.93333333333334,0.7558541306947614,68.53333333333333,0.5370150947898588
89,Hybrid,25.2,-1.9844553829626341,22.866666666666667,-1.336816593299043,15.533333333333333,-1.11157181116374
89,PBMT-R,72.0,-0.0465648547901176,72.06666666666666,0.3599654953849839,41.2,-0.2791254665641288
90,ACCESS,81.8,0.4345248136739747,97.0,1.0349650746371657,74.66666666666667,0.6526892975542941
91,PBMT-R,85.0,0.42874647191687454,83.2,0.7395514769465985,54.86666666666667,0.18856621759929013
93,DMASS-DCSS,93.53333333333333,0.779138864809008,42.0,-0.580156528862658,59.06666666666667,0.30555091077473084
93,SBMT-SARI,94.73333333333333,0.6735566676398351,94.73333333333333,1.11086616557514,86.13333333333334,1.1397056753363608
94,SBMT-SARI,61.46666666666667,-0.257949076097966,86.66666666666667,0.6538292786287929,50.8,-0.026287459706404715
95,Dress-Ls,88.13333333333334,0.490968932018185,53.6,-0.10349056738638578,71.2,0.615942560662027
95,PBMT-R,72.6,-0.07497402861127062,41.46666666666667,-0.6447141516755883,49.93333333333333,-0.07837204830167352
96,DMASS-DCSS,81.4,0.3461066860450933,80.86666666666666,0.6527848273000385,77.46666666666667,0.8793006914998958
96,Hybrid,90.93333333333334,0.6296786015828985,80.86666666666666,0.5811966135333199,67.73333333333333,0.5854925920415336
97,ACCESS,91.33333333333333,0.7005201728358356,93.26666666666667,0.902512164640297,69.93333333333334,0.579473356690939
97,SBMT-SARI,84.13333333333334,0.5269173668510978,68.4,0.1441563371988752,52.53333333333333,0.052003869983401424
99,Dress-Ls,97.8,0.9083886560160628,95.4,1.070442735118769,82.26666666666667,0.9704936699305846
99,PBMT-R,53.2,-0.7378349726017589,37.8,-0.6305971372281577,15.2,-0.9176639651414195
100,PBMT-R,79.8,0.3838499694033864,83.53333333333333,0.5466405635135104,57.06666666666667,0.20282343565776467
100,SBMT-SARI,98.66666666666667,0.9276760715557887,94.13333333333334,0.9196122033717472,84.4,1.1703109250555481
101,ACCESS,61.8,-0.20118466729891998,50.4,-0.32999089670223064,43.13333333333333,-0.2350938613806376
101,PBMT-R,94.4,0.7615836933447634,91.86666666666666,0.9245142621465751,43.06666666666667,-0.10247859440750624
102,Hybrid,54.8,-0.5515400506849406,29.466666666666665,-1.2061422586739943,30.6,-0.7480827591953213
103,DMASS-DCSS,83.26666666666667,0.29475109312893255,77.06666666666666,0.5171484211075884,48.13333333333333,-0.0007356640485084387
103,Dress-Ls,95.13333333333334,0.6749900013934365,69.0,0.252773476823449,80.66666666666667,0.9206204530943588
103,SBMT-SARI,48.8,-0.7750509282368762,64.53333333333333,0.08743400241822424,21.4,-0.722695150482268
104,PBMT-R,78.86666666666666,0.26614426536374575,71.93333333333334,0.3319420861403639,66.53333333333333,0.5252974140026178
105,SBMT-SARI,72.26666666666667,-0.0387506947235734,62.666666666666664,0.14142969589122115,45.8,-0.04150550920690039
107,ACCESS,56.333333333333336,-0.6192117318020649,61.0,-0.026905359385950994,31.4,-0.5711539986650235
107,Hybrid,65.46666666666667,-0.4257924691676927,32.06666666666667,-0.8200347165303942,27.733333333333334,-0.5773867260694274
107,PBMT-R,61.13333333333333,-0.41053439359581384,42.4,-0.4642204298466466,27.133333333333333,-0.6302848642297143
108,SBMT-SARI,91.4,0.5242946426052166,85.06666666666666,0.7391541439995967,73.06666666666666,0.7095201804104552
109,ACCESS,88.6,0.5216895308553233,81.0,0.6546630168216426,85.73333333333333,1.0500608265439308
109,Hybrid,51.4,-0.802062088457604,46.93333333333333,-0.37489507148636203,30.2,-0.5350242495644487
109,PBMT-R,66.13333333333334,-0.17661143792246747,76.8,0.4440695558253038,54.13333333333333,0.02786176109607091
110,Dress-Ls,73.53333333333333,0.11338007370022343,64.66666666666667,-0.09472118512375398,75.6,0.6881003849666257
110,Hybrid,33.13333333333333,-1.424893874499078,17.733333333333334,-1.343243926335809,16.866666666666667,-1.0216206600679787
111,Dress-Ls,75.46666666666667,0.23580457933229879,58.06666666666667,-0.1869584610368357,67.4,0.4337487182591427
112,Hybrid,66.06666666666666,-0.20288106618881258,53.06666666666667,-0.20774363163055903,46.46666666666667,-0.14152051235247598
112,SBMT-SARI,74.8,0.1053487017388082,77.33333333333333,0.5252935007844413,40.4,-0.3707089706874919
113,Hybrid,46.53333333333333,-1.001435020303673,42.733333333333334,-0.5578635969542026,18.066666666666666,-0.8681930469607407
114,ACCESS,56.06666666666667,-0.47476778782764345,51.06666666666667,-0.42174983222070495,36.06666666666667,-0.49368732301631446
114,SBMT-SARI,36.666666666666664,-1.0724018047356272,52.2,-0.32876601023975,33.733333333333334,-0.5777772005179233
117,DMASS-DCSS,96.0,0.7536671714802572,63.13333333333333,0.05612238241780506,75.86666666666666,0.5513123005859151
119,DMASS-DCSS,79.13333333333334,0.15213275636402113,69.93333333333334,0.3070102979287137,47.733333333333334,-0.061462428983609055
119,Dress-Ls,63.733333333333334,-0.34502392425409634,31.8,-0.8595036064650955,44.666666666666664,0.0925213710544766
120,ACCESS,87.46666666666667,0.5264215168754746,66.13333333333334,0.1631704546370166,62.2,0.47252560836032254
120,Hybrid,88.4,0.485470883196312,57.666666666666664,-0.058780716440724225,58.93333333333333,0.34184240879888683
120,SBMT-SARI,90.4,0.5421293053948513,58.666666666666664,-0.10386903006878083,56.86666666666667,0.22033328231170576
121,DMASS-DCSS,92.06666666666666,0.5273327365871369,63.06666666666667,0.002872593660000744,82.26666666666667,1.0120822961239733
123,DMASS-DCSS,66.33333333333333,-0.10047953116739634,52.2,-0.3363366636619027,47.0,-0.34347656261444615
123,Hybrid,84.26666666666667,0.4495445143781143,82.66666666666667,0.6434761136582261,68.0,0.5064766300686936
123,PBMT-R,82.86666666666666,0.310652393845504,96.13333333333334,1.0729062632352921,70.26666666666667,0.572619785965929
124,Dress-Ls,90.8,0.6224231897050682,80.06666666666666,0.6338760802186624,88.4,0.9999028519085551
124,Hybrid,28.533333333333335,-1.5019362007109955,27.6,-1.0500390763735186,13.266666666666667,-1.075065940340368
125,DMASS-DCSS,98.2,0.8538903226790017,75.66666666666667,0.40985111430742033,76.26666666666667,0.7858818044703997
126,ACCESS,78.93333333333334,0.361388441511371,83.06666666666666,0.5896315118783523,68.73333333333333,0.5041447764715995
128,ACCESS,89.93333333333334,0.6507452979504508,94.2,0.8976952484208152,85.73333333333333,1.1088440693449617
128,DMASS-DCSS,83.73333333333333,0.36145889671407083,83.73333333333333,0.7667952313251518,60.6,0.27240577039995184
128,SBMT-SARI,59.266666666666666,-0.3236330690688127,67.4,0.2139688161168835,50.86666666666667,0.05906967142975876
129,DMASS-DCSS,86.2,0.5337372054468528,48.0,-0.30460081109947384,37.13333333333333,-0.24524957034316772
129,Hybrid,35.93333333333333,-1.4518066735952238,25.4,-0.9420211827403419,29.333333333333332,-0.477250754822421
130,Dress-Ls,68.0,-0.06535990208086698,12.4,-1.6362365178800409,26.533333333333335,-0.8193552362688263
132,DMASS-DCSS,68.2,-0.05890100666546261,65.8,0.09862676042844677,42.733333333333334,-0.31580294273548265
132,SBMT-SARI,90.0,0.6133244172096937,96.53333333333333,1.0864478026963098,81.06666666666666,1.0358718627429837
133,ACCESS,60.2,-0.39271748964423797,42.666666666666664,-0.6142086093468383,20.733333333333334,-0.8002926218108701
133,DMASS-DCSS,92.46666666666667,0.6910302835390648,92.93333333333334,0.9649144605688288,82.13333333333334,1.0275493438536583
134,PBMT-R,86.4,0.5639188252801095,74.13333333333334,0.38675520696858556,57.4,0.1671164699856212
134,SBMT-SARI,56.86666666666667,-0.7061333337659856,21.266666666666666,-1.2429416276719347,16.8,-1.0093204446226853
135,Hybrid,43.266666666666666,-1.1120084573694926,23.933333333333334,-0.9685655876622093,17.866666666666667,-0.9488623876152278
136,DMASS-DCSS,70.46666666666667,-0.2507936715983103,94.86666666666666,1.0858552509343145,73.93333333333334,0.7257640231680911
136,PBMT-R,76.2,0.15371723264904302,76.86666666666666,0.450380979328143,56.4,0.15534750091496
136,SBMT-SARI,75.73333333333333,0.026387281174662193,53.666666666666664,-0.17607058370203837,31.133333333333333,-0.5233023643546084
137,Hybrid,25.4,-1.9036470602860867,18.266666666666666,-1.3358234555652417,13.0,-1.0195452104860137
138,Hybrid,72.2,-0.045102760397124644,44.2,-0.6914047446401768,65.2,0.3118651518417599
139,ACCESS,89.06666666666666,0.6340470458900979,87.2,0.7883766533671408,68.26666666666667,0.5096825313901426
139,PBMT-R,88.33333333333333,0.5593102246953909,42.93333333333333,-0.6296443873870926,53.4,-0.1555818814579451
140,DMASS-DCSS,51.733333333333334,-0.7172598030362463,18.533333333333335,-1.2486216256775338,21.666666666666668,-0.6986698401112317
140,Dress-Ls,83.33333333333333,0.4768424338955303,54.6,-0.41607255425942025,60.46666666666667,0.1892069838261463
140,Hybrid,58.0,-0.4952402172310861,57.8,-0.15130175583552455,37.93333333333333,-0.2943925048372996
141,DMASS-DCSS,64.4,-0.27528356625117817,62.0,0.13253846046410597,57.46666666666667,0.2620200291394382
141,Hybrid,30.666666666666668,-1.3866668484210243,31.2,-1.029328221601043,22.0,-0.9109098526465288
143,ACCESS,80.4,0.2597740668728815,91.73333333333333,1.0801032233090782,60.666666666666664,0.32662412482804837
143,SBMT-SARI,92.86666666666666,0.7305322525241057,89.6,0.9209525253263836,82.46666666666667,1.0131663557385955
144,ACCESS,75.4,0.097635046408739,84.93333333333334,0.8128311211840598,51.0,0.15729358555316467
144,DMASS-DCSS,87.2,0.5141153594444089,93.4,0.8710688744894649,73.93333333333334,0.6669003706954262
144,SBMT-SARI,76.73333333333333,0.07560571176166289,46.86666666666667,-0.42255988770212133,25.333333333333332,-0.7170669413680472
145,Hybrid,19.133333333333333,-1.9182649836528889,14.2,-1.3859509744654173,8.8,-1.1727764578361002
145,PBMT-R,50.86666666666667,-0.5417122902025552,57.93333333333333,-0.11940192149936044,42.733333333333334,-0.230526782761344
146,ACCESS,73.33333333333333,-0.07522045847289677,37.53333333333333,-0.7605294890530631,32.2,-0.5223889833727414
146,PBMT-R,87.8,0.5196753666787138,91.73333333333333,1.0053904650473884,68.73333333333333,0.6070569541321255
147,DMASS-DCSS,68.53333333333333,-0.05105802001477706,66.4,0.2647130384969073,40.13333333333333,-0.1917811012783875
147,Dress-Ls,97.8,0.9650168707877202,91.8,0.9247646273686445,74.73333333333333,0.6997691054465665
148,Dress-Ls,71.53333333333333,-0.0013297984142103785,71.0,0.2749178644110568,74.13333333333334,0.6140878016277641
149,ACCESS,74.4,0.07781417987022299,91.46666666666667,0.9583157537458593,94.26666666666667,1.4924259721130868
150,DMASS-DCSS,98.73333333333333,0.8526322247202888,89.73333333333333,0.8486659240150731,77.33333333333333,0.7599307496454522
150,SBMT-SARI,94.0,0.6425286328312764,88.53333333333333,0.8687081158768745,80.2,0.9882978005686229
151,DMASS-DCSS,71.66666666666667,-0.02048246662993952,29.666666666666668,-0.9381055028408715,32.13333333333333,-0.5386156209377726
152,SBMT-SARI,86.86666666666666,0.4834269628609155,62.6,-0.028744317524587348,54.733333333333334,0.12541781914013359
155,DMASS-DCSS,92.13333333333334,0.7319456625716897,91.26666666666667,0.8730979071184078,59.666666666666664,0.21692054531601457
155,PBMT-R,72.8,-0.009839761129066316,81.13333333333334,0.5948563571511134,41.4,-0.19365507946070573
155,SBMT-SARI,79.93333333333334,0.20896006294884242,73.6,0.410151150465123,48.53333333333333,-0.07453515202095314
156,DMASS-DCSS,56.6,-0.6622025575840281,31.266666666666666,-0.8326670735704466,17.8,-0.8599045657518766
156,Dress-Ls,96.86666666666666,0.7013154893741242,58.6,-0.08054131374350484,70.0,0.5556363664813759
157,ACCESS,81.66666666666667,0.28501148540470883,87.26666666666667,0.8534444161469366,38.2,-0.28068021042586133
157,Hybrid,49.6,-0.8902383011694933,34.266666666666666,-0.8807171669081543,27.866666666666667,-0.6844911631579859
157,PBMT-R,88.73333333333333,0.45924153305489307,79.4,0.5731891586218232,54.6,0.14811906897188712
157,SBMT-SARI,85.4,0.39305181281922025,85.0,0.6507033175358412,67.93333333333334,0.6320382648608159
158,SBMT-SARI,80.13333333333334,0.17465503637034127,72.6,0.33061746545284726,42.6,-0.1417585093097441
159,ACCESS,87.8,0.44606018161269506,86.0,0.8208540253540628,79.8,0.9829383028614612
160,DMASS-DCSS,72.4,0.0614878398420563,32.53333333333333,-0.7876899572968706,50.8,0.026103593910416344
160,PBMT-R,85.0,0.4362964191396295,92.53333333333333,1.0518009808646263,81.13333333333334,0.8794920166497459
161,DMASS-DCSS,71.6,0.0062974005304452085,35.2,-0.9514195108655789,48.53333333333333,-0.04928069040464075
161,Dress-Ls,90.8,0.6002223549511886,63.8,0.08923153399053736,85.8,1.0784002856939026
162,ACCESS,58.266666666666666,-0.5478949225435409,35.266666666666666,-0.9218124286011169,21.066666666666666,-0.9882173111380036
162,DMASS-DCSS,74.8,0.02163265393291144,87.8,0.7839399798325619,47.0,-0.11314419989764628
162,Dress-Ls,41.266666666666666,-1.0743390308009322,18.6,-1.6767473541941311,13.6,-1.5509348388375126
163,Dress-Ls,95.8,0.7687651348326976,29.266666666666666,-0.944637001201278,60.8,0.3344088639498839
163,SBMT-SARI,86.4,0.45638083243275146,93.66666666666667,1.0902178503979607,69.8,0.6474631028774619
164,DMASS-DCSS,71.4,0.07720219906143409,67.2,0.10363869727789798,40.86666666666667,-0.35161520219963965
164,Hybrid,33.733333333333334,-1.4977203991389725,21.333333333333332,-1.068678527064553,17.133333333333333,-0.8453326788299702
165,Hybrid,22.533333333333335,-1.9983338778553905,17.266666666666666,-1.418401788368184,14.8,-1.09973431616929
166,SBMT-SARI,92.93333333333334,0.6298202751326372,97.93333333333334,1.1786182457422072,68.93333333333334,0.5645669654711889
167,ACCESS,63.0,-0.29390304080551644,52.666666666666664,-0.1919509625444304,22.666666666666668,-0.8243017523596149
167,DMASS-DCSS,51.8,-0.6652278587102478,27.866666666666667,-1.0163985973408307,25.533333333333335,-0.7776275899726812
168,Hybrid,86.6,0.5068709631926595,64.66666666666667,-0.0018638338406809915,41.2,-0.32961018435687894
168,PBMT-R,97.13333333333334,0.826246448832563,89.13333333333334,0.7969222556780086,89.46666666666667,1.0838247173849522
169,Hybrid,98.93333333333334,0.9914591252850417,84.0,0.6400572870203121,79.46666666666667,0.6876564267550284
169,PBMT-R,98.06666666666666,0.8447269958614779,86.13333333333334,0.8206035094666991,74.86666666666666,0.8274661300171997
169,SBMT-SARI,83.2,0.279981611579692,64.13333333333334,0.15959030407680172,40.2,-0.17758112322936725
170,Dress-Ls,89.2,0.6533324944011578,80.8,0.48733246130582925,73.26666666666667,0.45122841085234694
170,SBMT-SARI,66.0,-0.18352050288382638,39.266666666666666,-0.6813063804070313,29.666666666666668,-0.6611369594742349
171,Dress-Ls,84.73333333333333,0.3631608982433682,54.8,-0.18477534479546323,59.13333333333333,0.5074113211523792
172,Dress-Ls,95.2,0.7819010317748081,65.13333333333334,-0.042365965768494614,72.66666666666667,0.6465665042527508
173,ACCESS,48.13333333333333,-0.7466068553561952,55.333333333333336,-0.14928309690722869,42.46666666666667,-0.330495172280536
173,DMASS-DCSS,82.13333333333334,0.3990634753385339,49.8,-0.5987290448770205,53.666666666666664,-0.19981288292010124
173,Hybrid,40.06666666666667,-1.2105475048003227,32.333333333333336,-0.8758305101313535,20.8,-0.910067176506533
173,PBMT-R,85.2,0.42037664057557256,94.4,1.097305199000695,87.73333333333333,1.290139199488029
173,SBMT-SARI,51.53333333333333,-0.6126472240176182,63.13333333333333,-0.029965446987228504,37.4,-0.38145866804823036
175,ACCESS,58.46666666666667,-0.47511137521949615,54.266666666666666,-0.1967494910103631,49.4,-0.07589804651660143
175,DMASS-DCSS,83.73333333333333,0.41799755872786043,24.0,-1.257303484314127,48.8,-0.08674773292672736
175,Dress-Ls,93.4,0.6108004448240171,70.86666666666666,0.22657869706412262,85.73333333333333,1.1554468421478183
175,PBMT-R,53.13333333333333,-0.8415092227870086,32.4,-0.7162744216524884,18.466666666666665,-0.8860378629887549
176,Dress-Ls,84.93333333333334,0.3413603733552793,90.0,0.8797055441757019,81.06666666666666,0.9567404120382418
177,Hybrid,57.666666666666664,-0.689646397845219,35.06666666666667,-0.851865038497557,38.93333333333333,-0.4409600153551299
178,ACCESS,84.13333333333334,0.32218948069947867,63.333333333333336,0.07598853879338105,69.86666666666666,0.5938063689999205
178,DMASS-DCSS,37.0,-1.2452104451938195,43.8,-0.4338955064204847,26.333333333333332,-0.6330294033277194
178,Dress-Ls,95.06666666666666,0.7625593417248973,80.46666666666667,0.6519147242065112,81.86666666666666,0.9673793412232087
178,Hybrid,17.266666666666666,-2.0014262150967532,28.133333333333333,-1.308861870766846,20.666666666666668,-1.0536156210349108
178,PBMT-R,24.266666666666666,-1.5886723607981845,21.466666666666665,-1.2009695430853538,12.733333333333333,-0.9726797513333778
179,PBMT-R,74.6,-0.032138632330804315,76.66666666666667,0.4425745334354359,26.933333333333334,-0.7245244018686802
180,ACCESS,78.46666666666667,0.23886544251014208,77.33333333333333,0.581945392119637,56.733333333333334,0.29089407240228876
182,SBMT-SARI,72.0,-0.04108642373400821,63.0,-0.0045660706669036506,38.2,-0.3042466032732641
183,PBMT-R,77.93333333333334,0.18640782665306974,72.13333333333334,0.335801160165537,62.13333333333333,0.3324105428301962
183,SBMT-SARI,61.4,-0.40193317164976394,45.13333333333333,-0.40524305957007023,34.333333333333336,-0.48717203752895377
184,ACCESS,97.26666666666667,0.7818657162176755,97.26666666666667,1.0425644829389171,87.33333333333333,1.0496401559080264
185,Hybrid,84.6,0.48553742284948354,89.06666666666666,0.7877725430440757,82.0,0.8627411713092156
186,Dress-Ls,87.66666666666667,0.46260658482887274,90.66666666666667,0.9578449277051605,29.733333333333334,-0.6452143761692273
186,PBMT-R,95.6,0.7645017451498431,72.0,0.36201192579051555,28.333333333333332,-0.6453736045851064
187,ACCESS,53.6,-0.4937573981718926,48.93333333333333,-0.3663918589059103,31.733333333333334,-0.584894938654561
187,Dress-Ls,5.466666666666667,-2.99225136603028,1.2666666666666666,-2.109766240786127,2.1333333333333333,-1.9552486516301977
188,ACCESS,85.13333333333334,0.3304736822190989,69.6,0.3148129421027691,77.8,0.9504973478108233
188,Dress-Ls,66.33333333333333,-0.10178830591954001,85.46666666666667,0.5987385524443591,59.733333333333334,0.28302425732125847
188,Hybrid,62.53333333333333,-0.3815703323568383,41.666666666666664,-0.5005984265590534,29.4,-0.545691538582974
188,SBMT-SARI,41.53333333333333,-1.1451515858534949,54.4,-0.2477340125692276,43.8,-0.30576435772872074
189,ACCESS,87.06666666666666,0.4355036685088837,88.0,0.7651761462294442,82.0,0.8127177116877535
190,Dress-Ls,93.2,0.5647048200496229,97.86666666666666,1.1602455927612887,77.33333333333333,0.9176585698519893
190,PBMT-R,96.66666666666667,0.9127321384065364,91.8,0.9707233583694644,77.13333333333334,0.8003992020448826
192,DMASS-DCSS,70.86666666666666,-0.12864870528607403,68.46666666666667,0.2591008625683803,58.46666666666667,0.36420763657536437
192,PBMT-R,78.26666666666667,0.1015931017949368,65.46666666666667,0.15577621948964365,67.66666666666667,0.5108568090999451
193,ACCESS,86.46666666666667,0.2921155922551846,73.73333333333333,0.328882940761387,61.6,0.2775086772651096
194,PBMT-R,73.73333333333333,0.04059790813929235,58.46666666666667,-0.10483786668715318,73.8,0.6062120369528664
195,ACCESS,55.06666666666667,-0.5141076883213668,95.0,0.9568071452702704,75.4,0.7624116068307353
195,Dress-Ls,32.53333333333333,-1.4770537280692897,6.533333333333333,-2.1663298742719586,17.066666666666666,-1.3905555275221289
196,DMASS-DCSS,70.8,-0.10438530188212737,37.93333333333333,-0.7023371612714766,35.53333333333333,-0.3907121365354063
196,Dress-Ls,96.13333333333334,0.8674811529366703,78.0,0.5364818127285337,73.4,0.7393384968951752
196,Hybrid,25.733333333333334,-1.521180466768342,30.333333333333332,-1.1318933108795968,24.733333333333334,-0.9054588235869393
197,Hybrid,19.0,-1.8505066128449108,15.666666666666666,-1.6885636222466782,12.466666666666667,-1.3692167384106142
197,PBMT-R,90.0,0.4778979651087566,96.33333333333333,1.15397898430038,86.26666666666667,1.0548493023046883
197,SBMT-SARI,90.2,0.5928845673313798,50.53333333333333,-0.20094803173411827,53.2,0.1251344597096577
198,Hybrid,84.4,0.43656455340023825,79.73333333333333,0.5696020999760516,62.6,0.2504278010790327
198,PBMT-R,91.73333333333333,0.5829460840542056,81.86666666666666,0.5891175442397596,51.0,0.015566460658240204
199,ACCESS,56.0,-0.3791146509002762,59.6,-0.1377391833793013,51.13333333333333,-0.03449201457723886
199,DMASS-DCSS,72.06666666666666,0.06529485075204206,33.666666666666664,-0.893294738355793,42.86666666666667,-0.4389607097104305
199,SBMT-SARI,69.93333333333334,-0.16186205130003742,70.06666666666666,0.2553806374331955,30.0,-0.6828660096951887
200,SBMT-SARI,52.93333333333333,-0.5942549365318678,46.8,-0.4532479475129575,21.266666666666666,-0.8355845260398077
201,DMASS-DCSS,46.86666666666667,-0.7769771230896325,39.86666666666667,-0.8244073135902085,34.93333333333333,-0.6319900343565543
202,ACCESS,89.4,0.5161326672872636,39.93333333333333,-0.5919149851213527,51.733333333333334,0.09292749795405263
202,Dress-Ls,99.6,0.9702763855900357,95.33333333333333,1.0276040477907868,81.8,0.8903176916133745
203,Hybrid,10.333333333333334,-2.640236005385213,10.0,-1.7728312925950773,8.733333333333333,-1.2522076336202272
204,PBMT-R,88.93333333333334,0.4208986900725665,92.06666666666666,0.9342195839634044,74.93333333333334,0.5754466927545047
205,ACCESS,39.8,-0.9984654080580356,64.06666666666666,-0.10798319637544372,40.8,-0.5369270051067778
205,Dress-Ls,66.8,-0.17608848573755592,70.06666666666666,0.18482694771424554,74.73333333333333,0.6791891495641628
206,ACCESS,39.46666666666667,-1.019558135443575,43.266666666666666,-0.6071213288428354,35.666666666666664,-0.5956630303030851
206,DMASS-DCSS,52.333333333333336,-0.6075854730164167,48.666666666666664,-0.46681607472540665,32.666666666666664,-0.6102050220245314
206,PBMT-R,80.93333333333334,0.315240006837964,89.86666666666666,0.9531289026016073,61.266666666666666,0.33677712758735523
207,DMASS-DCSS,89.93333333333334,0.6487210805763138,88.6,0.7400885359010523,70.26666666666667,0.5494781152888278
207,Dress-Ls,98.73333333333333,0.8894754635376967,69.93333333333334,0.2655827800193126,86.66666666666667,1.0909493212385124
207,Hybrid,54.93333333333333,-0.6558657680133132,51.6,-0.3283513610017588,27.266666666666666,-0.7115055125304502
207,SBMT-SARI,89.73333333333333,0.578958112452373,76.46666666666667,0.39826635708419555,43.2,-0.23451412433982313
208,DMASS-DCSS,89.66666666666667,0.5093013370066418,96.4,1.1023733269400573,66.6,0.5582896149757623
208,PBMT-R,99.4,0.9569592363489261,94.53333333333333,1.0017662785007542,63.93333333333333,0.5049113787796354
209,Hybrid,83.4,0.332615526763964,36.6,-0.7352870835090771,51.46666666666667,0.09826132345484831
209,PBMT-R,74.86666666666666,0.056893905191368256,79.66666666666667,0.5402648794671521,26.266666666666666,-0.685566031592861
210,DMASS-DCSS,35.0,-1.290053707172215,32.2,-0.7967390428510229,15.333333333333334,-0.9460617779579473
210,Hybrid,68.33333333333333,-0.09296746270924909,89.93333333333334,0.8464116154328276,63.4,0.33618208905634117
210,PBMT-R,41.0,-1.1441615465173374,55.53333333333333,-0.09691712096169622,26.8,-0.5688057154488195
211,ACCESS,95.26666666666667,0.7359086689201367,86.6,0.7278189012675088,94.93333333333334,1.2131992921203645
211,Hybrid,94.4,0.6722107265869366,73.73333333333333,0.3842008429395064,69.86666666666666,0.5033000442574533
212,DMASS-DCSS,91.53333333333333,0.6710865014380373,93.26666666666667,1.0224572820609805,72.53333333333333,0.6960784907515296
212,Dress-Ls,71.13333333333334,0.04140896385136746,61.733333333333334,-0.2256808896885233,45.53333333333333,-0.38667667317381454
213,DMASS-DCSS,44.333333333333336,-1.0167248222371665,10.2,-1.592996520855515,12.4,-1.2641751446956486
213,Hybrid,41.2,-1.0944200861497522,22.333333333333332,-1.214205726490754,18.533333333333335,-0.8751143014572719
214,ACCESS,86.0,0.2909489325833286,75.86666666666666,0.4701657039482599,73.6,0.637006406739972
214,Dress-Ls,74.93333333333334,0.11548034928214923,63.06666666666667,-0.058902165659722734,55.6,0.01738026720394544
214,Hybrid,92.93333333333334,0.7075373726312998,85.93333333333334,0.7248556752135646,54.0,0.18890225004540281
214,PBMT-R,84.73333333333333,0.39716611564677323,74.26666666666667,0.38605188822139064,75.66666666666667,0.5760789114108386
214,SBMT-SARI,90.06666666666666,0.6334561690986072,94.13333333333334,1.043314381102429,89.26666666666667,1.0976199219809386
215,DMASS-DCSS,69.86666666666666,-0.055502378466768004,43.6,-0.5352737541712297,28.933333333333334,-0.5916681515123169
216,ACCESS,74.2,0.0030138625599828014,86.13333333333334,0.7667073938014239,84.4,0.9938930719785251
216,DMASS-DCSS,86.33333333333333,0.41240498086343286,10.133333333333333,-1.7825198712988002,34.0,-0.48915236150022673
216,Dress-Ls,65.86666666666666,-0.16305971456576399,77.06666666666666,0.5402158668909209,73.26666666666667,0.557583305643445
216,Hybrid,22.733333333333334,-1.6871886529020288,27.733333333333334,-1.2208572354492087,18.066666666666666,-1.2536948027054788
216,PBMT-R,62.46666666666667,-0.2723274771653172,74.4,0.45549228768383193,63.733333333333334,0.40465052840605725
217,ACCESS,73.8,0.16321663348679624,82.86666666666666,0.6739883002978372,63.53333333333333,0.3876622338454349
217,DMASS-DCSS,76.8,0.26870829418081416,93.73333333333333,1.0837042820778309,79.4,0.9312150448420483
217,PBMT-R,59.46666666666667,-0.5204877329788217,45.266666666666666,-0.43154379736295617,37.2,-0.4072731445855536
218,ACCESS,84.86666666666666,0.40822296645305445,74.73333333333333,0.3673279650617911,57.6,0.20713813437073308
218,DMASS-DCSS,94.46666666666667,0.7754750056654715,73.2,0.47105534518305137,38.733333333333334,-0.3165339752366529
219,Dress-Ls,91.0,0.6691483971467196,95.53333333333333,1.0536690195350185,67.33333333333333,0.4358346715413383
219,PBMT-R,88.73333333333333,0.5413511258552289,93.93333333333334,1.080318171195239,80.26666666666667,0.8719207894901146
220,ACCESS,81.26666666666667,0.25656986282783606,59.333333333333336,-0.0996198950388713,51.86666666666667,0.01465703461927054
220,Dress-Ls,53.06666666666667,-0.6763193822219512,67.66666666666667,0.21062338095458627,22.533333333333335,-0.8082695133700406
221,DMASS-DCSS,89.6,0.46836096947525946,82.73333333333333,0.6285431848471366,65.93333333333334,0.34407442330967075
221,Dress-Ls,93.13333333333334,0.5828464301825027,46.93333333333333,-0.40157438815657115,66.8,0.48711781677068383
221,SBMT-SARI,64.73333333333333,-0.31942662392599946,32.46666666666667,-0.8430034866979992,30.0,-0.5565698325078708
222,DMASS-DCSS,48.46666666666667,-0.8232284202745871,26.0,-1.0425395136989015,11.066666666666666,-1.1679835434387156
222,Hybrid,8.0,-2.2296355815163427,10.933333333333334,-1.68321378783349,13.066666666666666,-1.2124081969105727
222,SBMT-SARI,91.46666666666667,0.6787914161995799,68.06666666666666,0.1798846151841122,52.8,-0.0007711240643880032
223,PBMT-R,41.666666666666664,-0.8292625630583889,25.4,-1.142208145020385,22.733333333333334,-0.8614722847011819
224,DMASS-DCSS,68.33333333333333,-0.17292271450725788,65.0,0.1323110782752845,51.266666666666666,0.13438857894087167
225,Hybrid,32.53333333333333,-1.5356382493313865,19.933333333333334,-1.2870231135861705,14.6,-0.9503452457558635
227,Dress-Ls,78.6,0.11153312265228288,72.53333333333333,0.3322196574839398,51.4,-0.0510221164173164
227,SBMT-SARI,50.2,-0.7739521668129654,29.4,-0.9903552591050178,20.333333333333332,-0.914867483744558
228,ACCESS,80.06666666666666,0.28301639407138396,54.46666666666667,-0.11259177428468554,47.93333333333333,-0.07504267970364673
228,PBMT-R,53.8,-0.7812194089941186,50.6,-0.3794420515850493,19.133333333333333,-0.897129940468347
228,SBMT-SARI,63.4,-0.3094661708021833,84.06666666666666,0.7336086172543418,58.46666666666667,0.2837089175013173
229,ACCESS,95.2,0.6812886993615627,70.53333333333333,0.21827130833335426,67.06666666666666,0.5785297475188174
229,PBMT-R,90.93333333333334,0.5300963410334446,89.53333333333333,0.9103308362174937,74.86666666666666,0.8033783887690433
230,ACCESS,92.33333333333333,0.5729651309074367,51.53333333333333,-0.2816895963567231,67.93333333333334,0.5835575434207558
230,SBMT-SARI,83.8,0.2687685084407697,44.46666666666667,-0.3980373876025091,57.266666666666666,0.23262495587792834
231,ACCESS,82.06666666666666,0.3798209124170499,86.73333333333333,0.7829698964919678,77.26666666666667,0.6935918273828289
231,DMASS-DCSS,74.26666666666667,-0.03186171627205021,34.93333333333333,-0.7954588855659478,42.266666666666666,-0.21533397039646493
231,PBMT-R,94.4,0.6320989073193037,97.33333333333333,1.1796038673604436,76.8,0.745365932396078
232,Hybrid,89.13333333333334,0.5770034866912218,60.06666666666667,0.0023240856127366484,61.4,0.34408368315613846
232,PBMT-R,46.333333333333336,-0.7331067871117759,31.333333333333332,-1.0363636985939193,26.133333333333333,-0.882624178264026
232,SBMT-SARI,87.33333333333333,0.6231952376767429,94.6,0.9690123235980648,73.6,0.7870085140529651
233,Dress-Ls,89.4,0.5376168510294048,88.13333333333334,0.7638806424081056,75.73333333333333,0.5766292828933856
233,PBMT-R,55.266666666666666,-0.6792653714769507,60.2,-0.1313377432729323,53.46666666666667,0.044560910570738674
234,DMASS-DCSS,35.6,-1.3045510773367222,35.46666666666667,-0.7542333639387474,22.266666666666666,-0.9972744649585158
234,Hybrid,45.46666666666667,-1.1046698801042927,53.13333333333333,-0.17001611167896488,19.466666666666665,-0.9995846822447484
234,SBMT-SARI,73.06666666666666,-0.0011422651223047975,64.0,0.152220441887236,41.0,-0.27228294180715984
235,DMASS-DCSS,38.266666666666666,-1.0704891258641258,53.333333333333336,-0.3266725447252737,25.4,-0.7785322770448886
235,Hybrid,35.93333333333333,-1.6024804862293893,27.2,-1.1356309344071887,26.133333333333333,-0.7172642964916383
235,SBMT-SARI,94.0,0.7691098277048393,90.06666666666666,0.7270938014636634,78.86666666666666,0.8762385167492748
236,SBMT-SARI,96.4,0.8813042299121852,53.2,-0.3713078233754656,42.6,-0.2999235133378862
238,Dress-Ls,98.4,0.8408530687893947,97.73333333333333,1.0670938051035561,79.0,0.7732074111561237
238,SBMT-SARI,76.06666666666666,0.09645228042656218,30.6,-0.8209287030176498,39.86666666666667,-0.27861550080434677
240,DMASS-DCSS,75.2,-0.034918294165334644,33.733333333333334,-0.7029093859152891,44.333333333333336,-0.03331013525540507
240,PBMT-R,88.8,0.4893995021885862,79.0,0.5943831714515502,69.86666666666666,0.5243000182085776
241,ACCESS,83.8,0.2546946742807072,86.26666666666667,0.7263434092379201,74.53333333333333,0.48151198858550515
241,PBMT-R,50.53333333333333,-0.6287850765946674,35.53333333333333,-0.7153686313626835,26.533333333333335,-0.6796659138371987
242,DMASS-DCSS,83.33333333333333,0.3579766979846146,42.0,-0.6022020763557913,55.2,0.02591544308736522
242,PBMT-R,61.2,-0.23202692698867372,52.733333333333334,-0.275240927238135,39.46666666666667,-0.31398730418554666
242,SBMT-SARI,91.46666666666667,0.6985380732863842,74.53333333333333,0.4261128897554115,51.0,-0.050659982401963094
243,SBMT-SARI,73.4,0.04761525944327108,78.93333333333334,0.6283664457059677,62.2,0.36037585730895505
244,SBMT-SARI,75.06666666666666,0.043947600653776855,69.0,0.2018907284752828,46.0,-0.10389192825054086
246,ACCESS,93.46666666666667,0.747229428895023,92.66666666666667,0.9825735100903997,81.53333333333333,0.9921276636307007
246,DMASS-DCSS,84.66666666666667,0.29079357394328714,42.733333333333334,-0.531371125373509,51.53333333333333,0.17315189976325726
248,PBMT-R,77.46666666666667,0.20125580500874815,89.53333333333333,0.7998735302939224,64.33333333333333,0.3580212325032956
249,PBMT-R,63.13333333333333,-0.4693221899087642,25.466666666666665,-0.956512390363899,26.4,-0.6186287810664762
249,SBMT-SARI,86.53333333333333,0.38917345811430143,68.0,0.20982932323634,52.53333333333333,0.12025293695442985
250,DMASS-DCSS,95.4,0.6804525969956569,30.4,-1.1404118972536732,55.93333333333333,0.10050770483709268
250,Hybrid,96.73333333333333,0.9068319383111866,67.4,0.15372625500611678,81.2,0.9472626816304112
251,Dress-Ls,97.06666666666666,0.7604745813219115,52.46666666666667,-0.3084090060989187,75.86666666666666,0.8935686384260886
252,ACCESS,91.4,0.561699113894416,40.46666666666667,-0.6644577519993831,48.13333333333333,-0.06124347095766718
252,Hybrid,50.86666666666667,-0.6745824175883374,58.06666666666667,-0.13719524743338948,33.333333333333336,-0.6461071065817164
252,PBMT-R,95.0,0.7307492894054917,94.13333333333334,0.9973444938929859,63.333333333333336,0.4263979978350907
253,PBMT-R,84.73333333333333,0.32624308084635384,65.2,0.17918645710162664,43.333333333333336,-0.12968198673733514
254,Dress-Ls,66.66666666666667,-0.2756811526854161,27.533333333333335,-0.9823094453872698,22.733333333333334,-0.7275433776678094
254,PBMT-R,32.93333333333333,-1.3365790732516158,31.866666666666667,-1.1659683672893264,24.6,-0.9939103568539809
254,SBMT-SARI,55.8,-0.5059526499224385,65.53333333333333,0.05697580491534694,37.93333333333333,-0.5138916680136918
255,DMASS-DCSS,85.53333333333333,0.36614872621591715,20.933333333333334,-1.2519028380103547,49.266666666666666,-0.12421680163195538
256,Hybrid,32.13333333333333,-1.3283875040380433,22.866666666666667,-1.2024836925014704,12.4,-1.1109598559300793
256,PBMT-R,73.93333333333334,-0.38644927857183653,76.93333333333334,0.5202703234655444,66.6,0.5511068267627036
257,ACCESS,76.8,0.10128424325023139,78.73333333333333,0.664420808866885,72.0,0.6688090056556352
258,Hybrid,44.266666666666666,-1.1887123007645417,45.53333333333333,-0.42024198915543276,39.6,-0.28897305463413464
258,SBMT-SARI,79.33333333333333,0.28854818554047884,78.4,0.39027578476138397,60.333333333333336,0.003871607499641653
259,Hybrid,51.06666666666667,-0.7484783521003184,42.666666666666664,-0.5405439427672335,27.066666666666666,-0.6714250536298505
259,SBMT-SARI,71.6,0.003433623121675744,74.86666666666666,0.5276896440093034,37.0,-0.27973792081326526
260,ACCESS,87.73333333333333,0.4150416881929207,95.2,1.1022197120737145,93.33333333333333,1.3516040998595242
260,DMASS-DCSS,53.06666666666667,-0.5298062055976951,40.333333333333336,-0.7343644205501542,25.0,-0.8732063078257386
260,SBMT-SARI,75.86666666666666,0.11617303840603645,50.266666666666666,-0.30831483916382596,30.066666666666666,-0.47179733440404814
261,ACCESS,54.2,-0.7063133171553516,79.46666666666667,0.48692284382523743,84.73333333333333,0.8743881289020458
261,DMASS-DCSS,73.26666666666667,0.07757921225876825,84.73333333333333,0.6219217869643278,66.53333333333333,0.30899010752061157
261,Hybrid,59.266666666666666,-0.4728999261280933,49.93333333333333,-0.5783854631631714,56.13333333333333,-0.05762280722171222
262,Dress-Ls,96.33333333333333,0.6834424186205571,59.666666666666664,-0.017934580173387796,74.73333333333333,0.7322208599631777
262,SBMT-SARI,79.46666666666667,0.24354292463148638,70.86666666666666,0.34686163370960005,54.46666666666667,0.20120683429123248
263,ACCESS,82.6,0.3090597417179472,81.46666666666667,0.5370010006213942,67.66666666666667,0.3075171373782204
263,DMASS-DCSS,63.733333333333334,-0.2598419935953826,47.266666666666666,-0.3558148781547171,14.133333333333333,-0.9635158188682844
263,Hybrid,34.0,-1.3800939664816734,18.6,-1.2287005397492783,16.4,-1.0288428757036454
266,DMASS-DCSS,95.46666666666667,0.7244521679821169,85.2,0.7835001214788118,89.93333333333334,1.1725553836837221
266,Hybrid,93.26666666666667,0.6306797163996715,71.53333333333333,0.32194788581365935,49.13333333333333,-0.09045076331624698
267,ACCESS,88.93333333333334,0.46543658264721616,89.73333333333333,0.8727573721292038,86.46666666666667,1.0843035107514536
267,Dress-Ls,83.13333333333334,0.37694571654605263,48.2,-0.3386518605508278,55.333333333333336,0.1685003363792633
267,PBMT-R,79.93333333333334,0.03591480264706494,52.53333333333333,-0.25551936218647947,39.733333333333334,-0.33981781983321685
268,ACCESS,77.4,0.152399525786871,77.33333333333333,0.5303620957589293,71.33333333333333,0.6110596468935782
268,Dress-Ls,88.53333333333333,0.5695055132421768,63.8,0.12200735641738245,77.4,0.8051962305486692
270,Dress-Ls,96.33333333333333,0.699004578063288,56.4,-0.12473208387657371,68.33333333333333,0.4983376510991829
270,Hybrid,37.333333333333336,-1.5253547124625406,35.53333333333333,-0.8627744482509886,34.333333333333336,-0.5420713739719337
271,PBMT-R,42.0,-0.9753786987470833,47.6,-0.3500606576204065,22.6,-0.7188046292889243
272,DMASS-DCSS,52.0,-0.8788797725065979,41.266666666666666,-0.6585203993996395,44.666666666666664,-0.33877570021697184
272,Dress-Ls,74.73333333333333,0.01006573290977677,23.933333333333334,-1.1500616815387756,44.53333333333333,-0.29117906350098216
272,SBMT-SARI,68.66666666666667,-0.12967639691670652,94.73333333333333,1.1017863109989636,47.4,-0.1355582045985921
273,Dress-Ls,76.33333333333333,0.2752873465550742,67.4,0.28301940929515246,72.26666666666667,0.6687170912381518
274,Hybrid,32.733333333333334,-1.248728556964668,32.53333333333333,-0.9983623750241569,22.8,-0.9361789771996871
274,SBMT-SARI,92.0,0.49579013463722926,90.33333333333333,0.9409574302741147,54.2,0.19083709339080623
275,Hybrid,79.8,0.14748834590164403,57.53333333333333,-0.057318897030609814,38.0,-0.341821034445424
276,ACCESS,90.6,0.6294532519293343,81.0,0.5128159773368758,87.53333333333333,0.9325976630852615
276,Dress-Ls,93.06666666666666,0.5917272448444655,65.93333333333334,0.20481257308932221,75.26666666666667,0.7713632016556002
277,SBMT-SARI,64.73333333333333,-0.11218386045288517,40.666666666666664,-0.6936734223492284,31.933333333333334,-0.5525798632642952
278,PBMT-R,90.33333333333333,0.5981447317405447,90.66666666666667,0.9656490584677778,71.6,0.6648480839154073
279,ACCESS,66.66666666666667,-0.22301883559554805,89.66666666666667,0.936605328283008,66.06666666666666,0.5735396397677979
279,SBMT-SARI,56.2,-0.517288487847807,70.06666666666666,0.28688828360897495,22.533333333333335,-0.7211934463663228
280,ACCESS,80.66666666666667,0.3621237954379664,63.13333333333333,0.10042824218582395,55.2,0.12345470551754599
280,DMASS-DCSS,36.86666666666667,-1.0420560149199323,38.8,-0.7171770009965364,30.933333333333334,-0.6070087933475338
280,Hybrid,50.733333333333334,-0.7261619019884946,46.2,-0.38954221331134575,29.666666666666668,-0.7056009439323233
280,PBMT-R,62.46666666666667,-0.3383959236000034,82.93333333333334,0.7096328851251568,46.0,-0.028904911801196233
282,ACCESS,98.86666666666666,0.7998028142102445,97.33333333333333,1.1607893281901427,85.73333333333333,1.0695685429988484
283,ACCESS,60.2,-0.349864241339949,42.53333333333333,-0.5199802824160348,32.666666666666664,-0.4172416990192333
284,ACCESS,64.06666666666666,-0.2851974361453104,35.733333333333334,-0.711962889277959,50.0,-0.08185977429161158
285,DMASS-DCSS,66.86666666666666,-0.30882157048039993,62.733333333333334,-0.018687672255701712,43.06666666666667,-0.12637030770975402
285,PBMT-R,47.666666666666664,-0.8127473912153409,52.6,-0.3861668171687634,27.8,-0.804603085457141
285,SBMT-SARI,86.2,0.3504688127104908,46.0,-0.3499136893564308,48.46666666666667,-0.04853021352310261
286,ACCESS,87.66666666666667,0.5880135975084795,74.86666666666666,0.386161721070759,86.53333333333333,1.1304439546855074
286,DMASS-DCSS,20.066666666666666,-1.7409383335316169,27.133333333333333,-1.1721984771582477,28.8,-0.6026953399867393
287,ACCESS,85.0,0.3475144242299324,76.8,0.409095796581538,83.66666666666667,0.9423483893039916
287,DMASS-DCSS,59.8,-0.41174541046753543,35.6,-0.7471033158047647,20.933333333333334,-0.7932070585355089
287,Hybrid,26.333333333333332,-1.585630284965938,45.93333333333333,-0.6542303015573456,41.53333333333333,-0.5237009883934712
287,SBMT-SARI,83.0,0.2617941911700183,62.2,0.04169933447921107,53.13333333333333,0.10167558542887711
288,ACCESS,74.4,-0.10372362954618805,32.46666666666667,-0.8708310277965302,40.93333333333333,-0.3067138421234091
288,DMASS-DCSS,95.53333333333333,0.7726756208009385,30.733333333333334,-0.8881274842255175,28.333333333333332,-0.6010476060098155
288,Hybrid,93.2,0.5405136124943156,60.266666666666666,0.07998159256208594,81.4,0.977163945269874
288,PBMT-R,60.93333333333333,-0.4591671023583942,53.733333333333334,-0.059023518552372624,36.0,-0.29952900813052413
289,PBMT-R,39.0,-1.214161251519551,17.533333333333335,-1.23490709853493,17.066666666666666,-0.9073928021448121
289,SBMT-SARI,64.53333333333333,-0.27122856123504907,38.53333333333333,-0.6468801127177912,20.266666666666666,-0.8121250306687866
290,ACCESS,91.06666666666666,0.7105261550908909,80.46666666666667,0.4021015641216143,74.8,0.4932498030877765
290,DMASS-DCSS,91.26666666666667,0.5809900191591156,80.2,0.660884578992052,73.53333333333333,0.7532789233313777
290,Dress-Ls,84.73333333333333,0.40288127798778123,80.0,0.5155093551271838,61.8,0.3046233081153759
290,SBMT-SARI,80.86666666666666,0.23998442477339765,23.466666666666665,-1.0324193496041258,25.933333333333334,-0.6478249450868611
291,DMASS-DCSS,41.2,-1.1945257893263326,28.466666666666665,-0.9611633651240107,21.866666666666667,-0.7918096535718028
291,Hybrid,87.6,0.5493497383153362,63.0,-0.015525284828862233,56.2,0.05658615246851723
291,PBMT-R,51.8,-0.622159934988654,24.933333333333334,-1.28976723404217,26.933333333333334,-0.7645485663312568
291,SBMT-SARI,57.8,-0.5606405413902519,40.733333333333334,-0.6600517288140048,30.066666666666666,-0.5389679109588343
292,ACCESS,97.86666666666666,0.9443023732828905,92.66666666666667,0.9634849262529651,77.66666666666667,0.7936409758719045
292,Hybrid,60.0,-0.38765802407022154,43.733333333333334,-0.6369907759784156,42.266666666666666,-0.3794015208950705
293,ACCESS,89.6,0.4778028516394191,47.6,-0.40755485148643716,49.4,-0.008017934787610172
294,SBMT-SARI,92.06666666666666,0.7084160418809228,89.06666666666666,0.9304118590193943,66.46666666666667,0.5230724107218208
295,ACCESS,59.4,-0.534368975200035,60.8,0.00781392576375406,33.6,-0.5991230264235854
295,DMASS-DCSS,84.13333333333334,0.404627955761908,76.53333333333333,0.3524714916225667,43.733333333333334,-0.2624690754157847
295,SBMT-SARI,68.8,0.010787941525988236,85.0,0.6477168099792002,45.8,-0.3547871602638245
296,SBMT-SARI,69.33333333333333,-0.022689725470624852,75.46666666666667,0.2746832845912117,64.2,0.37424537470424435
297,ACCESS,53.86666666666667,-0.6915052657227228,42.13333333333333,-0.6001599563565737,38.2,-0.38319876290738913
297,DMASS-DCSS,68.6,-0.03156701266566666,62.46666666666667,0.0009417501109875751,43.46666666666667,-0.2523261871628838
298,ACCESS,85.33333333333333,0.4543046607189248,70.8,0.21461990774687656,67.53333333333333,0.3994038224463357
298,SBMT-SARI,63.666666666666664,-0.21128662038739016,53.13333333333333,-0.3807552341900121,60.8,0.15916638156977958
299,Dress-Ls,74.33333333333333,0.17150521149923464,32.86666666666667,-1.09403079276499,39.86666666666667,-0.4023924380646294
299,SBMT-SARI,94.26666666666667,0.7461447839254193,93.2,0.882629338219112,93.06666666666666,1.2120126842352472
300,ACCESS,66.26666666666667,-0.23231536542166115,45.733333333333334,-0.632410160701676,48.333333333333336,-0.11342136802327357
300,Dress-Ls,90.33333333333333,0.6065368566284163,57.6,-0.08755992859886112,82.26666666666667,0.8499117316025205
300,Hybrid,28.0,-1.7128073898956437,31.666666666666668,-0.9262784530966012,16.266666666666666,-1.0757451663068807
301,Hybrid,69.46666666666667,-0.11559203344561692,84.8,0.7853733820750761,27.8,-0.6546377942692605
302,ACCESS,92.8,0.6027177335446569,61.46666666666667,0.09198837973997478,49.53333333333333,-0.0008089472637023939
302,DMASS-DCSS,80.46666666666667,0.21238364627486378,34.53333333333333,-0.675528733006882,33.86666666666667,-0.39397043868521575
302,Dress-Ls,94.53333333333333,0.7457642457178918,65.4,0.10369682507487604,73.93333333333334,0.6643419392127353
303,DMASS-DCSS,63.0,-0.2419760268691708,69.73333333333333,0.2648196220718309,45.53333333333333,-0.15923258602649662
303,Dress-Ls,91.33333333333333,0.6175378174197944,69.93333333333334,0.2258407441769849,77.66666666666667,0.7976865796086652
303,Hybrid,77.26666666666667,0.06866989226541836,27.933333333333334,-0.9078262692761564,40.733333333333334,-0.320729542102233
303,SBMT-SARI,65.33333333333333,-0.26907553938761575,78.2,0.541307788203256,36.266666666666666,-0.3124942654147367
304,ACCESS,77.73333333333333,0.12378115214565105,60.8,0.0323348679356228,37.53333333333333,-0.3633393553226999
304,Hybrid,53.733333333333334,-0.6521370655983652,29.4,-0.9418187091778377,28.0,-0.6023003728057936
305,Hybrid,41.2,-1.2612547828693246,35.46666666666667,-0.8571128700528435,24.8,-0.8412339722673422
306,PBMT-R,92.2,0.7218684797844418,92.33333333333333,0.9092634344005691,64.2,0.45831591134867217
307,Dress-Ls,77.33333333333333,0.22255770172335645,62.2,-0.20937798034820662,65.6,0.4222644225144327
307,Hybrid,57.8,-0.6237562032829911,44.93333333333333,-0.5287954457786195,20.2,-0.9788535694770624
308,SBMT-SARI,76.86666666666666,0.18966401415549441,58.2,-0.11364239562232921,53.0,-0.22483551305116067
309,ACCESS,87.86666666666666,0.46851530202205516,91.86666666666666,0.9354995393319528,83.0,0.8302671020681465
309,DMASS-DCSS,70.8,-0.1765051499850837,40.733333333333334,-0.5804796250659165,42.86666666666667,-0.2996720051789471
310,Dress-Ls,91.2,0.6990008416039664,62.06666666666667,0.02733552141166699,64.8,0.51371983415625
312,ACCESS,71.8,-0.17003169155457354,76.6,0.43801454101928256,60.46666666666667,0.0980605427399584
313,PBMT-R,97.33333333333333,0.9002007117748505,84.73333333333333,0.829983151832496,78.46666666666667,0.7992753715372465
314,ACCESS,90.73333333333333,0.5395075995075713,90.53333333333333,0.8192288851458087,89.6,1.1076474885662093
314,DMASS-DCSS,90.93333333333334,0.5986789334256465,88.6,0.8440447025091811,74.73333333333333,0.7290558345024652
314,PBMT-R,93.6,0.755126238466369,88.0,0.8762865021661383,73.66666666666667,0.7037995788654663
314,SBMT-SARI,79.86666666666666,0.14911710810843742,45.13333333333333,-0.4260685530125024,33.333333333333336,-0.4436713028086579
315,DMASS-DCSS,68.2,-0.3026599650582449,28.8,-1.0189070054329603,26.666666666666668,-0.7060142350531671
315,SBMT-SARI,74.2,0.07366196583366473,91.26666666666667,0.9050417100706858,57.266666666666666,0.23768693969439952
316,DMASS-DCSS,49.8,-0.7184313833458784,23.6,-1.0189838696915934,23.733333333333334,-0.677643474585341
316,Dress-Ls,94.13333333333334,0.762042145462279,93.6,0.9820411816701562,78.8,0.9112221216800366
316,PBMT-R,91.86666666666666,0.6251371282452792,94.66666666666667,1.0688643402494005,66.0,0.38027955393716617
316,SBMT-SARI,70.46666666666667,-0.020545465901815926,45.4,-0.5943209446157041,38.53333333333333,-0.5155873172204972
317,DMASS-DCSS,71.93333333333334,0.18667259487444984,10.0,-1.9241302011512103,43.46666666666667,-0.3683475767443533
317,PBMT-R,86.66666666666667,0.2995372266235056,60.4,-0.0464194668710256,66.33333333333333,0.35003227994364416
317,SBMT-SARI,71.06666666666666,-0.11675793068663463,81.06666666666666,0.510265427449953,71.13333333333334,0.4275858568813328
318,ACCESS,47.8,-0.8310184128074607,60.266666666666666,-0.0369709198842175,26.6,-0.6131874024621352
320,DMASS-DCSS,83.66666666666667,0.2917324557867129,24.8,-1.1318940131441904,29.2,-0.5995852820576432
322,Hybrid,70.6,-0.2122659624361834,53.266666666666666,-0.21932068080068384,44.46666666666667,-0.23148593526216402
322,PBMT-R,75.4,-0.002247227365532763,42.266666666666666,-0.7602565657558077,28.8,-0.8595546985948643
322,SBMT-SARI,63.733333333333334,-0.2645183218901372,65.73333333333333,0.0385971321226412,25.266666666666666,-0.7947607636674385
323,ACCESS,72.53333333333333,0.10571252281839966,66.06666666666666,-0.006156999325987204,63.333333333333336,0.10049760808929921
323,DMASS-DCSS,91.26666666666667,0.6495300592688117,91.26666666666667,0.8444809682074402,64.93333333333334,0.32045737532719526
323,Dress-Ls,97.73333333333333,0.7523212142841592,92.6,0.9858967160478537,72.2,0.6508102799103634
323,Hybrid,93.4,0.7197849891260935,43.13333333333333,-0.5927597594363291,72.0,0.4338448542866653
324,PBMT-R,88.66666666666667,0.45112217463683246,78.6,0.44169225732707884,32.6,-0.48390465228693025
325,Dress-Ls,89.66666666666667,0.499807634281735,59.06666666666667,-0.008141627592065336,75.33333333333333,0.6751826492008985
325,PBMT-R,70.93333333333334,0.054498321296796874,78.8,0.4258789609525567,64.53333333333333,0.3974029621163853
326,ACCESS,92.73333333333333,0.6566698083363767,94.06666666666666,1.0255566283619137,70.0,0.35397484461731543
326,SBMT-SARI,78.46666666666667,0.0916000198889552,62.4,-0.05866712309396145,45.86666666666667,-0.1575163917591139
328,ACCESS,72.53333333333333,-0.007049763633847295,55.6,-0.21006727710794204,31.0,-0.4932190806405291
328,Dress-Ls,97.2,0.8105342463760743,91.8,0.9247598504577447,73.0,0.6537144217490064
329,Dress-Ls,96.6,0.7450953169979881,70.4,0.16291503716934763,87.53333333333333,1.1101515981015233
330,SBMT-SARI,62.6,-0.33855628977291696,81.86666666666666,0.6787521335268428,54.93333333333333,0.22198065378363116
331,ACCESS,70.4,-0.007852756941627428,87.33333333333333,0.6319559751135262,72.33333333333333,0.5927486170478056
331,SBMT-SARI,51.2,-0.749013806345079,17.6,-1.3694112759723116,27.066666666666666,-0.6752797678030407
332,Dress-Ls,99.6,0.9255013207005923,73.8,0.2988798727238074,75.8,0.6553627891771138
332,SBMT-SARI,91.13333333333334,0.6171040096776348,85.33333333333333,0.6828308089218406,49.46666666666667,-0.015331725514577121
333,Dress-Ls,95.93333333333334,0.7577234569061998,58.2,-0.06624082855418066,82.73333333333333,0.9297354582538934
333,Hybrid,54.2,-0.8000234437235053,17.933333333333334,-1.520289876754493,17.266666666666666,-1.21616151489044
334,DMASS-DCSS,37.6,-1.0457284099658373,44.93333333333333,-0.5502488780822037,35.4,-0.3619120674113932
334,Dress-Ls,91.46666666666667,0.5215812576074236,54.13333333333333,-0.3274751158999415,81.4,0.8989643799570051
335,DMASS-DCSS,92.0,0.5782467283646542,71.53333333333333,0.34737671119956726,73.33333333333333,0.6493146145212481
335,PBMT-R,88.26666666666667,0.526573675669261,77.86666666666666,0.4689588304134797,76.4,0.799824644132393
335,SBMT-SARI,93.86666666666666,0.7358885812928763,76.4,0.541648719993822,70.2,0.6717559376826069
337,ACCESS,97.26666666666667,0.8266792904228795,62.93333333333333,0.08987632803543909,69.73333333333333,0.6182973931303529
337,Dress-Ls,92.66666666666667,0.6402545314765848,97.66666666666667,1.164517086303676,73.93333333333334,0.7963081395982224
337,PBMT-R,96.33333333333333,0.7509691810072533,60.4,0.004809802214968687,58.666666666666664,0.3777505620783691
339,DMASS-DCSS,71.26666666666667,0.06078853644803744,54.8,-0.18479601466404427,46.266666666666666,-0.2152943512808721
341,Dress-Ls,76.33333333333333,0.18769354984351164,57.8,-0.26003599472761263,56.733333333333334,0.16870384854876472
341,SBMT-SARI,79.13333333333334,0.11943819678744895,68.53333333333333,0.2847010441264976,53.8,0.15889433797921726
343,DMASS-DCSS,52.6,-0.7292410678037375,51.6,-0.27797331131736985,20.933333333333334,-0.8327030869844937
343,PBMT-R,63.53333333333333,-0.3112050805365138,55.53333333333333,-0.20731360757828227,32.93333333333333,-0.5940405893534055
344,ACCESS,75.0,0.1506256233352124,57.8,-0.07179498147199248,40.0,-0.23893529571826813
345,ACCESS,90.86666666666666,0.5738094063038947,95.26666666666667,1.1253592412699673,83.53333333333333,0.9597843778968451
346,ACCESS,65.26666666666667,-0.20969589151847007,29.133333333333333,-0.9841705131053118,30.733333333333334,-0.562477076916986
346,Hybrid,78.66666666666667,0.34136960549180095,44.0,-0.6643768884942977,66.26666666666667,0.4152916197296433
347,DMASS-DCSS,76.2,0.0743208889749161,78.66666666666667,0.5512744338619798,52.53333333333333,0.07956580856119655
347,PBMT-R,76.2,0.13030072539448756,96.8,1.0098603150776737,50.46666666666667,-0.03156401888023607
348,ACCESS,81.6,0.3966863492686804,80.0,0.5708737052073463,62.2,0.24513293304862513
348,Dress-Ls,80.06666666666666,0.3209923853017073,83.33333333333333,0.6883191609570398,73.0,0.6695175466422617
349,DMASS-DCSS,90.6,0.5762955933639338,92.6,1.020954795070192,74.93333333333334,0.756188606846989
349,Hybrid,66.93333333333334,-0.21206287601688592,32.93333333333333,-0.8561613367126364,24.933333333333334,-0.7726163668473027
350,Dress-Ls,68.93333333333334,-0.012760789414725278,38.2,-0.8436787841329599,35.333333333333336,-0.5970325505315688
350,PBMT-R,83.86666666666666,0.4312402419998742,72.4,0.3562974707752724,42.8,-0.12074702874034184
351,DMASS-DCSS,80.06666666666666,0.26437065479667915,71.6,0.36571666137556846,35.733333333333334,-0.2972324745788804
351,SBMT-SARI,67.46666666666667,-0.14640842878413488,63.333333333333336,0.19353966870571393,34.6,-0.31155709512924296
352,Dress-Ls,98.8,0.8377125435811048,98.66666666666667,1.0946693825326885,82.06666666666666,0.8688332016768805
352,PBMT-R,63.46666666666667,-0.1665273996391126,66.53333333333333,-0.04190638710344374,38.8,-0.4758240614457013
354,ACCESS,77.2,0.14386961731636855,77.13333333333334,0.43523690135105486,56.53333333333333,0.2473899394367794
354,DMASS-DCSS,40.86666666666667,-0.9746488521205506,38.13333333333333,-0.9827990936110101,35.0,-0.7693720947072414
357,DMASS-DCSS,97.6,0.9104868185978544,83.33333333333333,0.6516199999522087,74.26666666666667,0.710077608887292
357,Dress-Ls,99.86666666666666,1.0289964160691727,75.4,0.3483915180285894,70.66666666666667,0.4946740701756939
357,Hybrid,54.06666666666667,-0.7452727738111539,28.066666666666666,-0.997050143133619,21.333333333333332,-0.7226114513839809
357,PBMT-R,79.93333333333334,0.2646569595721111,31.066666666666666,-0.7841250343245427,23.933333333333334,-0.6587153079752263
358,Dress-Ls,94.66666666666667,0.8817918585578564,73.53333333333333,0.4011784726873027,83.46666666666667,0.9995633339126156
358,Hybrid,32.0,-1.4901149608142783,24.666666666666668,-0.9853934568923436,17.666666666666668,-1.0023908583900185
358,PBMT-R,28.733333333333334,-1.3709533561309726,53.53333333333333,-0.18377577879765336,42.93333333333333,-0.2603642948711983
359,DMASS-DCSS,93.8,0.7068303661209954,55.666666666666664,-0.1798606425261416,41.93333333333333,-0.21612226325136774
359,Dress-Ls,93.06666666666666,0.7399845539728721,68.2,0.25075834610995834,42.6,-0.2176751184318593
359,Hybrid,66.8,-0.2417990283439232,61.8,-0.01880481190743153,37.86666666666667,-0.48411008875276573
